,1st,2nd,3rd,4th
457Position021_chan0068centered.tif,3.0,5.0,5.0,5.0
973201117_dr5_Image172_ch00.tif,3.0,4.0,3.0,4.0
592Mark_and_Find_002_Position019_ch00.tif,3.0,4.0,3.0,3.0
63Position003_ch00_19.tif,3.0,4.0,3.0,4.0
147Position016_chan0012centered.tif,3.0,1.0,2.0,3.0
832Position001_ch00_52.tif,3.0,5.0,4.0,4.0
599200917_dr5_ms_6day_x40_ap6_int82_Image064_ch00.tif,3.0,2.0,2.0,2.0
1Position004_ch00_33.tif,3.0,3.0,4.0,3.0
110Position021_chan007centered.tif,3.0,3.0,3.0,2.0
2920110_dr5_Image070_ch00.tif,3.0,4.0,4.0,4.0
6201117_dr5_Image245_ch00.tif,3.0,2.0,2.0,3.0
926Position027_chan0025centered.tif,3.0,4.0,4.0,3.0
904201117_dr5_Image124_ch00.tif,3.0,4.0,4.0,4.0
7520110_dr5_Image126_ch00.tif,3.0,2.0,1.0,2.0
82201117_dr5_Image216_ch00.tif,3.0,2.0,3.0,3.0
553Position009_chan005centered.tif,3.0,1.0,1.0,3.0
883Mark_and_Find_002_Position039_ch00.tif,3.0,3.0,3.0,4.0
65201117_dr5_Image241_ch00.tif,3.0,2.0,3.0,3.0
55520110_dr5_Image130_ch00.tif,3.0,1.0,1.0,1.0
621Position012_chan005centered.tif,3.0,3.0,4.0,4.0
11420110_dr5_Image112_ch00.tif,3.0,2.0,2.0,2.0
70200923_dr5_ms_x40_ap6_int84_ex4_Image056_ch00.tif,3.0,2.0,3.0,3.0
596Mark_and_Find_002_Position034_ch00.tif,3.0,3.0,3.0,3.0
619Position016_chan0019centered.tif,3.0,2.0,5.0,4.0
302Position004_ch00_58.tif,3.0,4.0,4.0,5.0
614Position009_ch00_21.tif,3.0,3.0,3.0,2.0
866201117_dr5_Image003_ch00.tif,3.0,4.0,4.0,4.0
876Mark_and_Find_002_Position025_ch00.tif,3.0,4.0,3.0,4.0
99Position012_ch00_40.tif,3.0,3.0,3.0,3.0
92Position011_ch00_57.tif,3.0,3.0,4.0,3.0
79200917_dr5_ms_6day_x40_ap6_int82_Image068_ch00.tif,3.0,3.0,3.0,3.0
85Mark_and_Find_002_Position028_ch00.tif,3.0,3.0,3.0,3.0
828Position028_chan0012centered.tif,3.0,3.0,2.0,1.0
109Mark_and_Find_002_Position051_ch00.tif,3.0,3.0,3.0,4.0
194201117_dr5_Image043_ch00.tif,3.0,5.0,5.0,5.0
930201117_dr5_Image188_ch00.tif,3.0,4.0,4.0,4.0
91201117_dr5_Image186_ch00.tif,3.0,3.0,3.0,3.0
88Position013_ch00_46.tif,3.0,3.0,2.0,3.0
93Position032_chan005centered.tif,3.0,0.0,1.0,2.0
85520110_dr5_Image068_ch00.tif,3.0,4.0,4.0,4.0
891201117_dr5_Image025_ch00.tif,3.0,3.0,3.0,3.0
7Position005_ch00_28.tif,3.0,2.0,2.0,2.0
613201117_dr5_Image212_ch00.tif,3.0,2.0,2.0,2.0
919Position022_chan004centered.tif,3.0,0.0,3.0,4.0
849Position024_chan0017centered.tif,3.0,3.0,3.0,3.0
557Mark_and_Find_002_Position045_ch00.tif,3.0,0.0,0.0,0.0
129Mark_and_Find_002_Position048_ch00.tif,3.0,1.0,3.0,2.0
939Mark_and_Find_002_Position057_ch00.tif,3.0,3.0,3.0,4.0
565Position025_ch00_44.tif,3.0,1.0,2.0,3.0
549Mark_and_Find_002_Position043_ch00.tif,3.0,0.0,1.0,1.0
44200923_dr5_ms_x40_ap6_int84_ex4_Image026_ch00.tif,3.0,3.0,3.0,3.0
108Mark_and_Find_002_Position007_ch00.tif,3.0,4.0,4.0,4.0
949200923_dr5_ms_x40_ap6_int84_ex4_Image054_ch00.tif,3.0,4.0,4.0,4.0
62200917_dr5_ms_6day_x40_ap6_int82_Image002_ch00.tif,3.0,3.0,3.0,3.0
116Position017_ch00_53.tif,3.0,2.0,3.0,3.0
117Mark_and_Find_002_Position023_ch00.tif,3.0,1.0,3.0,0.0
543Position022_chan0055centered.tif,3.0,4.0,4.0,4.0
929Mark_and_Find_002_Position056_ch00.tif,3.0,4.0,4.0,4.0
886Position009_ch00_8.tif,3.0,4.0,3.0,4.0
72Position009_chan0011centered.tif,3.0,4.0,3.0,3.0
564Mark_and_Find_002_Position004_ch00.tif,3.0,0.0,2.0,3.0
955Mark_and_Find_002_Position021_ch00.tif,3.0,2.0,3.0,4.0
889Position012_ch00_6.tif,3.0,2.0,3.0,3.0
53201117_dr5_Image200_ch00.tif,3.0,3.0,3.0,3.0
19201117_dr5_Image249_ch00.tif,3.0,3.0,2.0,2.0
43Position021_chan0014centered.tif,3.0,3.0,3.0,4.0
49Position009_ch00_64.tif,3.0,3.0,3.0,3.0
107200923_dr5_ms_x40_ap6_int84_ex4_Image016_ch00.tif,3.0,3.0,4.0,3.0
921200923_dr5_ms_x40_ap6_int84_ex4_Image106_ch00.tif,3.0,4.0,4.0,4.0
18Position005_chan0022centered.tif,3.0,4.0,4.0,4.0
605Position007_ch00_45.tif,3.0,2.0,3.0,2.0
66Mark_and_Find_002_Position013_ch00.tif,3.0,3.0,4.0,3.0
913201117_dr5_Image049_ch00.tif,3.0,3.0,4.0,4.0
916201117_dr5_Image146_ch00.tif,3.0,4.0,3.0,4.0
59201117_dr5_Image011_ch00.tif,3.0,2.0,2.0,3.0
935Mark_and_Find_002_Position022_ch00.tif,3.0,4.0,4.0,4.0
922201117_dr5_Image170_ch00.tif,3.0,4.0,4.0,3.0
586Mark_and_Find_002_Position029_ch00.tif,3.0,0.0,1.0,1.0
38200917_dr5_ms_6day_x40_ap6_int82_Image014_ch00.tif,3.0,4.0,3.0,3.0
33200917_dr5_ms_6day_x40_ap6_int82_Image066_ch00.tif,3.0,3.0,4.0,3.0
67200923_dr5_ms_x40_ap6_int84_ex4_Image062_ch00.tif,3.0,4.0,3.0,2.0
20201117_dr5_Image202_ch00.tif,3.0,3.0,3.0,3.0
39201117_dr5_Image174_ch00.tif,3.0,3.0,3.0,3.0
36200923_dr5_ms_x40_ap6_int84_ex4_Image082_ch00.tif,3.0,3.0,3.0,3.0
610Position004_ch00_15.tif,3.0,3.0,3.0,2.0
600200923_dr5_ms_x40_ap6_int84_ex4_Image098_ch00.tif,3.0,2.0,2.0,2.0
25200923_dr5_ms_x40_ap6_int84_ex4_Image028_ch00.tif,3.0,3.0,2.0,2.0
132Position010_ch00_12.tif,3.0,2.0,3.0,2.0
81Position014_ch00_44.tif,3.0,2.0,2.0,2.0
73201117_dr5_Image075_ch00.tif,3.0,3.0,2.0,3.0
47200923_dr5_ms_x40_ap6_int84_ex4_Image048_ch00.tif,3.0,3.0,3.0,2.0
26Position003_ch00_47.tif,3.0,4.0,3.0,3.0
34201117_dr5_Image081_ch00.tif,3.0,2.0,2.0,2.0
606Mark_and_Find_002_Position050_ch00.tif,3.0,2.0,2.0,1.0
3Position010_ch00_29.tif,3.0,3.0,3.0,3.0
45Mark_and_Find_002_Position010_ch00.tif,3.0,3.0,3.0,3.0
78200917_dr5_ms_6day_x40_ap6_int82_Image026_ch00.tif,3.0,3.0,3.0,3.0
77Position021_chan008centered.tif,3.0,3.0,4.0,3.0
11Position009_ch00_41.tif,3.0,3.0,3.0,3.0
30Position019_chan0012centered.tif,3.0,3.0,3.0,3.0
13320110_dr5_Image052_ch00.tif,3.0,2.0,2.0,2.0
12200923_dr5_ms_x40_ap6_int84_ex4_Image004_ch00.tif,3.0,4.0,3.0,4.0
620Position005_chan0017centered.tif,3.0,3.0,4.0,3.0
134Position032_chan0038centered.tif,3.0,4.0,4.0,1.0
851201117_dr5_Image235_ch00.tif,3.0,1.0,2.0,4.0
895200917_dr5_ms_6day_x40_ap6_int82_Image008_ch00.tif,3.0,4.0,3.0,4.0
15Position005_ch00_48.tif,3.0,3.0,3.0,4.0
540Position002_ch00_6.tif,3.0,1.0,1.0,4.0
541Position004_ch00_23.tif,3.0,2.0,2.0,1.0
83Mark_and_Find_002_Position009_ch00.tif,3.0,3.0,2.0,1.0
867201117_dr5_Image086_ch00.tif,3.0,4.0,3.0,3.0
624Position024_chan0012centered.tif,1.0,3.0,1.0,1.0
142Position032_chan0010centered.tif,1.0,1.0,1.0,1.0
561Mark_and_Find_002_Position044_ch00.tif,1.0,1.0,2.0,2.0
626Image029_ch00_57.tif,1.0,2.0,2.0,2.0
562Position032_chan0016centered.tif,1.0,1.0,1.0,1.0
141201117_dr5_Image039_ch00.tif,1.0,1.0,1.0,2.0
618200917_dr5_ms_6day_x40_ap6_int82_Image088_ch00.tif,1.0,2.0,1.0,1.0
121Position020_chan005centered.tif,1.0,1.0,1.0,1.0
576Mark_and_Find_002_Position032_ch00.tif,1.0,1.0,1.0,1.0
119Position010_chan0016centered.tif,1.0,1.0,1.0,3.0
126Position003_ch00_53.tif,1.0,2.0,1.0,2.0
56200923_dr5_ms_x40_ap6_int84_ex4_Image090_ch00.tif,1.0,2.0,2.0,2.0
593Mark_and_Find_002_Position002_ch00.tif,1.0,2.0,1.0,2.0
625Position004_ch00_2.tif,1.0,2.0,3.0,3.0
890Position021_chan0020centered.tif,1.0,4.0,5.0,4.0
611Position005_ch00_12.tif,1.0,4.0,2.0,3.0
547Mark_and_Find_002_Position033_ch00.tif,1.0,1.0,1.0,1.0
539Mark_and_Find_002_Position061_ch00.tif,1.0,0.0,2.0,2.0
150Position017_chan004centered.tif,1.0,2.0,1.0,1.0
148Image006_ch00_41.tif,1.0,2.0,1.0,1.0
584Mark_and_Find_002_Position003_ch00.tif,1.0,1.0,1.0,1.0
144Position019_ch00_37.tif,1.0,2.0,3.0,3.0
138200923_dr5_ms_x40_ap6_int84_ex4_Image012_ch00.tif,1.0,3.0,3.0,2.0
136200917_dr5_ms_6day_x40_ap6_int82_Image060_ch00.tif,1.0,2.0,3.0,2.0
607201117_dr5_Image214_ch00.tif,1.0,1.0,1.0,2.0
545Mark_and_Find_002_Position024_ch00.tif,1.0,1.0,1.0,1.0
580Position032_chan0019centered.tif,1.0,1.0,2.0,1.0
570Mark_and_Find_002_Position030_ch00.tif,1.0,1.0,1.0,1.0
601200917_dr5_ms_6day_x40_ap6_int82_Image046_ch00.tif,1.0,2.0,2.0,4.0
556Position003_ch00_28.tif,1.0,0.0,0.0,1.0
544Position005_chan004centered.tif,1.0,1.0,0.0,3.0
542Position027_chan0010centered.tif,1.0,1.0,3.0,1.0
122Position010_ch00_3.tif,1.0,1.0,2.0,2.0
609Position010_ch00_35.tif,1.0,1.0,0.0,0.0
617200917_dr5_ms_6day_x40_ap6_int82_Image032_ch00.tif,1.0,1.0,1.0,1.0
140Position024_chan001centered.tif,1.0,0.0,1.0,1.0
128Position016_ch00_42.tif,1.0,1.0,1.0,2.0
577Position005_ch00_69.tif,1.0,1.0,2.0,1.0
573Image021_ch00_40.tif,1.0,2.0,1.0,1.0
173Position016_ch00_32.tif,5.0,5.0,5.0,5.0
435Position017_chan0046centered.tif,5.0,5.0,5.0,5.0
418Position021_chan0055centered.tif,5.0,5.0,5.0,5.0
193Image025_ch00_39.tif,5.0,5.0,5.0,5.0
266Position028_chan0042centered.tif,5.0,5.0,5.0,5.0
460Position009_chan00181centered.tif,5.0,5.0,5.0,5.0
376Position008_ch00_31.tif,5.0,5.0,5.0,5.0
185Position010_chan0056centered.tif,5.0,5.0,5.0,5.0
377Position012_chan0035centered.tif,5.0,5.0,5.0,5.0
289Position027_chan00103centered.tif,5.0,5.0,4.0,5.0
466Position015_chan00100centered.tif,5.0,5.0,4.0,5.0
595Image004_ch00_2.tif,5.0,4.0,4.0,3.0
320200923_dr5_ms_x40_ap6_int84_ex4_Image032_ch00.tif,5.0,5.0,5.0,5.0
634Position032_chan00113centered.tif,5.0,6.0,5.0,6.0
421201117_dr5_Image243_ch00.tif,5.0,5.0,5.0,4.0
959Position022_chan0056centered.tif,5.0,3.0,5.0,5.0
325201117_dr5_Image164_ch00.tif,5.0,5.0,5.0,5.0
462Position015_chan00136centered.tif,5.0,5.0,5.0,5.0
282Position016_chan00160centered.tif,5.0,5.0,5.0,5.0
482Position016_chan00125centered.tif,5.0,5.0,5.0,5.0
343Position009_chan00189centered.tif,5.0,5.0,5.0,4.0
924201117_dr5_Image084_ch00.tif,5.0,5.0,5.0,5.0
399Position024_chan00123centered.tif,5.0,5.0,5.0,5.0
323Position016_chan0053centered.tif,5.0,5.0,5.0,5.0
330Position027_chan00117centered.tif,5.0,5.0,5.0,5.0
167Position027_chan0092centered.tif,5.0,5.0,5.0,5.0
346200917_dr5_ms_6day_x40_ap6_int82_Image082_ch00.tif,5.0,6.0,4.0,5.0
483200917_dr5_ms_6day_x40_ap6_int82_Image018_ch00.tif,5.0,5.0,4.0,5.0
469Position003_ch00_49.tif,5.0,5.0,5.0,5.0
358Position019_chan00143centered.tif,5.0,5.0,5.0,5.0
332Position012_ch00_20.tif,5.0,5.0,5.0,5.0
388Position016_chan0032centered.tif,5.0,4.0,4.0,5.0
214Position009_chan0084centered.tif,5.0,5.0,5.0,5.0
496Position010_chan00137centered.tif,5.0,5.0,6.0,5.0
101Position027_chan0036centered.tif,5.0,4.0,5.0,4.0
695Position024_chan00122centered.tif,5.0,5.0,5.0,5.0
231Position017_chan0036centered.tif,5.0,5.0,5.0,5.0
534200917_dr5_ms_6day_x40_ap6_int82_Image010_ch00.tif,5.0,5.0,5.0,5.0
340201117_dr5_Image176_ch00.tif,5.0,5.0,5.0,5.0
158Position020_chan00106centered.tif,5.0,7.0,5.0,5.0
661Position020_chan0087centered.tif,5.0,5.0,5.0,5.0
839Position024_chan0033centered.tif,5.0,5.0,5.0,5.0
165Position009_chan00103centered.tif,5.0,5.0,5.0,5.0
512Image016_ch00_15.tif,5.0,5.0,5.0,4.0
383Position015_chan0099centered.tif,5.0,5.0,5.0,5.0
169200923_dr5_ms_x40_ap6_int84_ex4_Image084_ch00.tif,5.0,5.0,5.0,5.0
632Position010_chan00102centered.tif,5.0,5.0,5.0,5.0
24620110_dr5_Image090_ch00.tif,5.0,5.0,5.0,5.0
523Position019_chan0065centered.tif,5.0,5.0,5.0,5.0
518Position012_chan00172centered.tif,5.0,5.0,5.0,5.0
384201117_dr5_Image144_ch00.tif,5.0,5.0,5.0,5.0
301Position015_chan00126centered.tif,5.0,4.0,5.0,5.0
341Position024_chan0070centered.tif,5.0,5.0,5.0,5.0
499Position012_chan00152centered.tif,5.0,5.0,5.0,5.0
387Position005_ch00_53.tif,5.0,5.0,5.0,4.0
659Position032_chan00120centered.tif,5.0,5.0,6.0,5.0
536Position020_chan00103centered.tif,5.0,5.0,6.0,5.0
288Position017_chan0051centered.tif,5.0,5.0,6.0,5.0
878Position005_chan0091centered.tif,5.0,4.0,4.0,4.0
464Position019_chan0035centered.tif,5.0,5.0,5.0,5.0
629Position012_chan0088centered.tif,5.0,5.0,5.0,5.0
928200917_dr5_ms_6day_x40_ap6_int82_Image050_ch00.tif,5.0,5.0,4.0,5.0
522Position019_chan00151centered.tif,5.0,5.0,5.0,5.0
373Position010_chan00111centered.tif,5.0,5.0,5.0,5.0
234Position012_chan00170centered.tif,5.0,5.0,5.0,5.0
298Mark_and_Find_002_Position040_ch00.tif,5.0,5.0,5.0,5.0
394200923_dr5_ms_x40_ap6_int84_ex4_Image038_ch00.tif,5.0,5.0,5.0,5.0
307Position019_chan0082centered.tif,5.0,5.0,5.0,5.0
240Position016_chan0077centered.tif,5.0,5.0,5.0,5.0
208Position016_chan0046centered.tif,5.0,5.0,5.0,5.0
424Position022_chan0077centered.tif,5.0,5.0,4.0,5.0
314Position015_chan0093centered.tif,5.0,4.0,4.0,5.0
163Position016_chan00178centered.tif,5.0,5.0,5.0,5.0
252Position024_chan0097centered.tif,5.0,5.0,5.0,5.0
369Position010_chan0038centered.tif,5.0,5.0,5.0,5.0
944Mark_and_Find_002_Position041_ch00.tif,5.0,5.0,4.0,4.0
444Position012_chan00158centered.tif,5.0,5.0,5.0,5.0
157Position019_chan0072centered.tif,5.0,5.0,5.0,5.0
381Position016_chan00162centered.tif,5.0,5.0,5.0,5.0
349Position002_ch00_48.tif,5.0,5.0,5.0,5.0
153Position010_chan0091centered.tif,5.0,5.0,5.0,5.0
907Position006_ch00_25.tif,5.0,5.0,4.0,5.0
321Position020_ch00_47.tif,5.0,5.0,5.0,5.0
156Position024_chan00128centered.tif,5.0,5.0,5.0,5.0
176201117_dr5_Image180_ch00.tif,5.0,5.0,5.0,5.0
865200923_dr5_ms_x40_ap6_int84_ex4_Image100_ch00.tif,5.0,4.0,4.0,4.0
48020110_dr5_Image062_ch00.tif,5.0,5.0,5.0,5.0
961Position032_chan0040centered.tif,5.0,4.0,4.0,4.0
45520110_dr5_Image122_ch00.tif,5.0,5.0,5.0,5.0
357Position024_chan0044centered.tif,5.0,5.0,5.0,5.0
514Position016_chan00165centered.tif,5.0,4.0,5.0,5.0
196Position016_chan0048centered.tif,5.0,5.0,5.0,5.0
846201117_dr5_Image023_ch00.tif,5.0,4.0,4.0,4.0
497Position016_chan0058centered.tif,5.0,5.0,5.0,5.0
385Position016_chan0042centered.tif,5.0,5.0,5.0,5.0
845Position027_chan0030centered.tif,5.0,5.0,5.0,3.0
513Position021_chan00143centered.tif,5.0,4.0,5.0,5.0
207Position010_chan0065centered.tif,5.0,5.0,5.0,5.0
275Position016_chan0049centered.tif,5.0,5.0,5.0,5.0
487201117_dr5_Image168_ch00.tif,5.0,5.0,5.0,5.0
657Position012_chan00125centered.tif,5.0,5.0,5.0,5.0
911Position006_ch00_16.tif,5.0,5.0,4.0,5.0
371Position024_chan00131centered.tif,5.0,5.0,5.0,5.0
329Position005_chan00147centered.tif,5.0,4.0,4.0,4.0
628Position032_chan00129centered.tif,5.0,6.0,5.0,6.0
439Position013_ch00_60.tif,5.0,5.0,5.0,5.0
333Position022_chan00134centered.tif,5.0,5.0,5.0,5.0
882Position021_chan00105centered.tif,5.0,4.0,5.0,5.0
445200917_dr5_ms_6day_x40_ap6_int82_Image070_ch00.tif,5.0,5.0,5.0,5.0
510Position009_chan00110centered.tif,5.0,5.0,5.0,5.0
210Position009_chan00164centered.tif,5.0,5.0,5.0,5.0
470200917_dr5_ms_6day_x40_ap6_int82_Image030_ch00.tif,5.0,5.0,5.0,5.0
448Position022_chan00101centered.tif,5.0,5.0,4.0,5.0
374Position010_chan0028centered.tif,5.0,5.0,5.0,5.0
972Position021_chan00139centered.tif,5.0,5.0,5.0,5.0
520200923_dr5_ms_x40_ap6_int84_ex4_Image034_ch00.tif,5.0,5.0,5.0,5.0
295Position016_chan00108centered.tif,5.0,5.0,5.0,5.0
853Position014_ch00_54.tif,5.0,5.0,4.0,4.0
245Position016_chan00103centered.tif,5.0,5.0,5.0,5.0
276Position015_chan00109centered.tif,5.0,5.0,4.0,5.0
917200917_dr5_ms_6day_x40_ap6_int82_Image072_ch00.tif,5.0,3.0,3.0,3.0
161Position028_chan00117centered.tif,5.0,5.0,5.0,5.0
416Position016_chan0090centered.tif,5.0,5.0,5.0,5.0
914201117_dr5_Image233_ch00.tif,5.0,4.0,4.0,4.0
251Position017_chan0054centered.tif,5.0,5.0,5.0,5.0
239Image018_ch00_16.tif,5.0,5.0,5.0,5.0
253Position009_chan00153centered.tif,5.0,4.0,4.0,5.0
896Position009_chan0030centered.tif,5.0,5.0,5.0,5.0
422Position017_chan0040centered.tif,5.0,5.0,5.0,5.0
908Mark_and_Find_002_Position012_ch00.tif,5.0,4.0,4.0,4.0
351Position016_chan00188centered.tif,5.0,5.0,5.0,5.0
402Position012_chan00102centered.tif,5.0,5.0,5.0,5.0
441Position016_chan00146centered.tif,5.0,5.0,5.0,5.0
463Position019_chan00156centered.tif,5.0,5.0,5.0,5.0
204Position027_chan0046centered.tif,5.0,5.0,5.0,4.0
355Position009_chan0034centered.tif,5.0,5.0,5.0,5.0
527201117_dr5_Image158_ch00.tif,5.0,5.0,5.0,5.0
220Position021_chan0081centered.tif,5.0,5.0,5.0,6.0
873Position022_chan0093centered.tif,5.0,4.0,4.0,3.0
627Position032_chan00112centered.tif,5.0,5.0,6.0,6.0
5120110_dr5_Image064_ch00.tif,5.0,4.0,3.0,4.0
348Position022_chan00106centered.tif,5.0,5.0,5.0,5.0
31201117_dr5_Image220_ch00.tif,5.0,3.0,2.0,3.0
378Position015_chan0091centered.tif,5.0,4.0,5.0,4.0
838Position022_chan0065centered.tif,5.0,5.0,4.0,5.0
260Position019_chan0048centered.tif,5.0,5.0,5.0,5.0
273Position019_chan00125centered.tif,5.0,5.0,5.0,5.0
500Position019_chan0098centered.tif,5.0,5.0,5.0,5.0
678Position001_ch00_54.tif,5.0,6.0,6.0,6.0
842201117_dr5_Image047_ch00.tif,5.0,5.0,4.0,4.0
152Position009_ch00_51.tif,5.0,5.0,5.0,5.0
968Position007_ch00_67.tif,5.0,2.0,3.0,3.0
504Position009_chan00147centered.tif,5.0,5.0,5.0,5.0
94200923_dr5_ms_x40_ap6_int84_ex4_Image046_ch00.tif,5.0,5.0,4.0,4.0
249Position024_ch00_36.tif,5.0,5.0,5.0,4.0
515Position034_chan0021centered.tif,5.0,5.0,5.0,5.0
247Position016_chan00151centered.tif,5.0,5.0,5.0,5.0
189Position009_chan0063centered.tif,5.0,5.0,5.0,5.0
364Position006_ch00_45.tif,5.0,5.0,5.0,5.0
670Position012_chan00163centered.tif,5.0,5.0,5.0,5.0
531Position028_chan0043centered.tif,5.0,5.0,5.0,5.0
508Position028_chan0087centered.tif,5.0,5.0,5.0,5.0
306201117_dr5_Image178_ch00.tif,5.0,5.0,5.0,5.0
370Position028_chan0092centered.tif,5.0,5.0,5.0,5.0
528Position015_chan00113centered.tif,5.0,5.0,5.0,5.0
962Mark_and_Find_002_Position031_ch00.tif,5.0,4.0,4.0,5.0
533Position024_chan00106centered.tif,5.0,5.0,5.0,5.0
472200917_dr5_ms_6day_x40_ap6_int82_Image080_ch00.tif,5.0,5.0,5.0,5.0
537Position027_chan0075centered.tif,5.0,5.0,5.0,5.0
229Position012_chan00160centered.tif,5.0,5.0,5.0,5.0
312Position003_ch00_7.tif,5.0,5.0,5.0,5.0
233Position014_ch00_33.tif,5.0,5.0,5.0,5.0
489201117_dr5_Image019_ch00.tif,5.0,5.0,5.0,5.0
261Position015_chan00127centered.tif,5.0,5.0,5.0,5.0
361Position028_chan00163centered.tif,5.0,5.0,5.0,5.0
442Position021_chan00142centered.tif,5.0,5.0,5.0,5.0
461Position009_chan0093centered.tif,5.0,5.0,5.0,5.0
339Position020_chan0063centered.tif,5.0,5.0,5.0,5.0
353Position013_ch00_26.tif,5.0,5.0,5.0,5.0
567Position027_chan0058centered.tif,5.0,5.0,4.0,0.0
368Position009_chan00188centered.tif,5.0,5.0,5.0,5.0
502Position010_chan0083centered.tif,5.0,5.0,5.0,5.0
215Position022_chan0052centered.tif,5.0,5.0,5.0,5.0
297Position001_ch00_47.tif,5.0,0.0,0.0,5.0
433Position019_chan00122centered.tif,5.0,5.0,5.0,5.0
180Position010_chan0092centered.tif,5.0,5.0,5.0,5.0
943Position028_chan0030centered.tif,5.0,5.0,5.0,4.0
178Position028_chan0068centered.tif,5.0,5.0,5.0,5.0
946Position003_ch00_5.tif,5.0,5.0,4.0,4.0
293Position028_chan00149centered.tif,5.0,5.0,5.0,5.0
331Position017_ch00_32.tif,5.0,5.0,5.0,5.0
218Position028_chan0049centered.tif,5.0,5.0,5.0,6.0
242Position016_chan0081centered.tif,5.0,5.0,5.0,5.0
932Position021_chan0012centered.tif,5.0,4.0,4.0,4.0
113200917_dr5_ms_6day_x40_ap6_int82_Image052_ch00.tif,5.0,3.0,4.0,2.0
893200917_dr5_ms_6day_x40_ap6_int82_Image006_ch00.tif,5.0,4.0,3.0,4.0
311Position028_chan0066centered.tif,5.0,5.0,5.0,5.0
664Position032_chan00142centered.tif,5.0,6.0,6.0,6.0
428Position007_ch00_10.tif,5.0,5.0,5.0,5.0
64720110_dr5_Image132_ch00.tif,5.0,6.0,6.0,6.0
182201117_dr5_Image190_ch00.tif,5.0,5.0,5.0,5.0
174201117_dr5_Image150_ch00.tif,5.0,5.0,5.0,5.0
184Position016_ch00_22.tif,5.0,5.0,5.0,5.0
213Position024_chan00115centered.tif,5.0,5.0,5.0,5.0
335Position024_chan0087centered.tif,5.0,5.0,5.0,5.0
516Position005_chan00160centered.tif,5.0,5.0,5.0,4.0
579Position017_chan0066centered.tif,5.0,4.0,5.0,5.0
209201117_dr5_Image079_ch00.tif,5.0,5.0,5.0,5.0
259Position015_chan00141centered.tif,5.0,4.0,5.0,5.0
468Position005_chan00169centered.tif,5.0,5.0,5.0,5.0
380200923_dr5_ms_x40_ap6_int84_ex4_Image088_ch00.tif,5.0,5.0,5.0,5.0
901201117_dr5_Image045_ch00.tif,5.0,5.0,4.0,5.0
419Position016_chan00175centered.tif,5.0,5.0,5.0,5.0
172200923_dr5_ms_x40_ap6_int84_ex4_Image008_ch00.tif,5.0,5.0,6.0,6.0
155Position028_chan00107centered.tif,5.0,5.0,5.0,4.0
519Position001_ch00_11.tif,5.0,5.0,5.0,5.0
32620110_dr5_Image034_ch00.tif,5.0,5.0,5.0,5.0
362200923_dr5_ms_x40_ap6_int84_ex4_Image058_ch00.tif,5.0,5.0,4.0,5.0
391Position021_chan00141centered.tif,5.0,5.0,5.0,5.0
686Position012_chan0069centered.tif,5.0,5.0,5.0,5.0
927Position021_chan00119centered.tif,5.0,4.0,5.0,5.0
160Position015_chan00149centered.tif,5.0,5.0,5.0,4.0
392Image008_ch00_13.tif,5.0,5.0,5.0,5.0
682201117_dr5_Image162_ch00.tif,5.0,6.0,6.0,6.0
277200923_dr5_ms_x40_ap6_int84_ex4_Image014_ch00.tif,5.0,5.0,5.0,5.0
947201117_dr5_Image128_ch00.tif,5.0,3.0,4.0,4.0
411Position016_chan0069centered.tif,5.0,5.0,5.0,5.0
168Position012_chan0068centered.tif,5.0,5.0,5.0,5.0
458Position019_chan0096centered.tif,5.0,5.0,5.0,5.0
365Position022_chan0033centered.tif,5.0,4.0,5.0,5.0
505Position021_chan00126centered.tif,5.0,5.0,5.0,5.0
938Position005_chan00155centered.tif,5.0,4.0,4.0,5.0
408200923_dr5_ms_x40_ap6_int84_ex4_Image104_ch00.tif,5.0,5.0,5.0,5.0
188Position008_ch00_42.tif,5.0,5.0,5.0,5.0
401Position008_ch00_9.tif,5.0,4.0,5.0,4.0
382Position019_chan00123centered.tif,5.0,5.0,5.0,5.0
412Position019_chan00136centered.tif,5.0,5.0,5.0,5.0
154Position017_chan0063centered.tif,5.0,5.0,3.0,4.0
662Position001_chan0051centered.tif,5.0,7.0,6.0,6.0
525Position019_chan0053centered.tif,5.0,5.0,5.0,5.0
305201117_dr5_Image132_ch00.tif,5.0,5.0,5.0,5.0
230Position021_chan00124centered.tif,5.0,5.0,5.0,4.0
256Position010_chan0057centered.tif,5.0,5.0,5.0,5.0
538Position016_chan00164centered.tif,5.0,5.0,5.0,5.0
484Position027_chan00126centered.tif,5.0,5.0,5.0,5.0
164200917_dr5_ms_6day_x40_ap6_int82_Image084_ch00.tif,5.0,5.0,5.0,5.0
454200923_dr5_ms_x40_ap6_int84_ex4_Image052_ch00.tif,5.0,5.0,5.0,5.0
265Position009_chan0083centered.tif,5.0,5.0,5.0,5.0
494Position032_chan00108centered.tif,5.0,5.0,5.0,6.0
296200923_dr5_ms_x40_ap6_int84_ex4_Image040_ch00.tif,5.0,5.0,5.0,5.0
965Position027_chan0035centered.tif,5.0,4.0,5.0,4.0
415Position015_chan0068centered.tif,5.0,5.0,5.0,5.0
280Position022_chan0051centered.tif,5.0,5.0,5.0,5.0
304Position028_chan0071centered.tif,5.0,5.0,5.0,5.0
477Position024_chan00141centered.tif,5.0,5.0,5.0,5.0
248Position012_chan0071centered.tif,5.0,5.0,5.0,5.0
951Position009_chan0026centered.tif,5.0,5.0,5.0,4.0
197Position028_chan00132centered.tif,5.0,5.0,5.0,5.0
352Position011_ch00_41.tif,5.0,5.0,5.0,5.0
488Position019_chan00107centered.tif,5.0,5.0,5.0,5.0
389Position019_chan0078centered.tif,5.0,5.0,5.0,5.0
292Position012_chan00168centered.tif,5.0,5.0,5.0,5.0
436201117_dr5_Image061_ch00.tif,5.0,5.0,5.0,5.0
42620110_dr5_Image038_ch00.tif,5.0,5.0,5.0,5.0
241Position015_chan00147centered.tif,5.0,5.0,5.0,5.0
187Position015_chan00163centered.tif,5.0,5.0,4.0,5.0
396Position002_ch00_18.tif,5.0,4.0,5.0,5.0
267Position022_chan0053centered.tif,5.0,5.0,5.0,5.0
309Position028_chan00157centered.tif,5.0,5.0,5.0,5.0
485Position011_ch00_13.tif,5.0,5.0,5.0,5.0
492Position009_chan00172centered.tif,5.0,5.0,7.0,5.0
390Position028_chan0083centered.tif,5.0,5.0,5.0,5.0
507Position019_chan0030centered.tif,5.0,5.0,5.0,5.0
225Position028_chan00134centered.tif,5.0,5.0,5.0,5.0
205Position015_chan00138centered.tif,5.0,5.0,4.0,5.0
691Position022_chan0048centered.tif,5.0,5.0,5.0,5.0
175Position022_chan00167centered.tif,5.0,5.0,5.0,5.0
831Position020_chan0034centered.tif,5.0,5.0,5.0,5.0
354Position001_chan0031centered.tif,5.0,5.0,5.0,5.0
177Position009_chan0087centered.tif,5.0,5.0,5.0,5.0
286Position012_chan0060centered.tif,5.0,5.0,5.0,5.0
530Position009_ch00_30.tif,5.0,5.0,5.0,5.0
651Position024_chan00134centered.tif,5.0,5.0,5.0,5.0
478Position012_ch00_50.tif,5.0,5.0,5.0,5.0
524Position009_chan0041centered.tif,5.0,5.0,5.0,5.0
827Position028_chan0082centered.tif,5.0,5.0,5.0,5.0
471Position027_chan0059centered.tif,5.0,5.0,4.0,5.0
347Mark_and_Find_002_Position053_ch00.tif,5.0,5.0,5.0,5.0
649Position010_chan0085centered.tif,5.0,5.0,5.0,5.0
272Position022_chan00124centered.tif,5.0,5.0,5.0,5.0
954Position020_chan0027centered.tif,5.0,5.0,5.0,5.0
192Position017_chan0050centered.tif,5.0,5.0,5.0,5.0
337200917_dr5_ms_6day_x40_ap6_int82_Image086_ch00.tif,5.0,5.0,5.0,5.0
228Position019_chan0050centered.tif,5.0,5.0,5.0,5.0
474Position016_chan00116centered.tif,5.0,5.0,5.0,5.0
467Position012_chan00131centered.tif,5.0,5.0,5.0,5.0
397201117_dr5_Image112_ch00.tif,5.0,5.0,5.0,6.0
856200917_dr5_ms_6day_x40_ap6_int82_Image024_ch00.tif,5.0,4.0,3.0,4.0
658200923_dr5_ms_x40_ap6_int84_ex4_Image086_ch00.tif,5.0,5.0,5.0,5.0
446Position027_chan00111centered.tif,5.0,5.0,4.0,4.0
449Position012_chan00132centered.tif,5.0,5.0,5.0,5.0
159Position022_chan0057centered.tif,5.0,4.0,5.0,5.0
905Position005_chan0086centered.tif,5.0,4.0,4.0,4.0
535Position028_chan0085centered.tif,5.0,5.0,5.0,5.0
262Position016_chan00113centered.tif,5.0,5.0,5.0,5.0
475Position027_chan0061centered.tif,5.0,4.0,5.0,5.0
410Position028_chan00118centered.tif,5.0,5.0,5.0,5.0
181Position032_chan0073centered.tif,5.0,6.0,6.0,6.0
303Position024_chan00142centered.tif,5.0,5.0,5.0,5.0
406Position015_ch00_46.tif,5.0,5.0,6.0,5.0
438Position004_ch00_50.tif,5.0,5.0,5.0,5.0
363Position004_ch00_4.tif,5.0,5.0,5.0,5.0
451Position032_chan0075centered.tif,5.0,5.0,5.0,6.0
344Position016_chan0071centered.tif,5.0,5.0,5.0,5.0
880Position005_chan00111centered.tif,5.0,4.0,4.0,4.0
423Position020_chan0082centered.tif,5.0,5.0,5.0,5.0
693Position017_chan0064centered.tif,5.0,5.0,5.0,5.0
476Mark_and_Find_002_Position018_ch00.tif,5.0,5.0,5.0,5.0
227Position010_ch00_0.tif,5.0,5.0,5.0,5.0
291201117_dr5_Image094_ch00.tif,5.0,5.0,5.0,5.0
125Position032_chan0023centered.tif,5.0,3.0,0.0,1.0
287Position027_chan00115centered.tif,5.0,6.0,4.0,5.0
137Position016_chan0021centered.tif,5.0,4.0,4.0,3.0
447Position016_chan0079centered.tif,5.0,5.0,5.0,5.0
212Position017_chan0056centered.tif,5.0,5.0,5.0,5.0
569Position019_chan0077centered.tif,5.0,5.0,5.0,5.0
532Position024_chan0081centered.tif,5.0,5.0,5.0,5.0
640201117_dr5_Image041_ch00.tif,5.0,6.0,6.0,6.0
345201117_dr5_Image140_ch00.tif,5.0,5.0,5.0,5.0
327Position001_ch00_58.tif,5.0,5.0,5.0,5.0
366Position010_chan00122centered.tif,5.0,5.0,5.0,5.0
521Position012_chan00123centered.tif,5.0,5.0,5.0,5.0
633200923_dr5_ms_x40_ap6_int84_ex4_Image080_ch00.tif,5.0,5.0,5.0,5.0
322200923_dr5_ms_x40_ap6_int84_ex4_Image018_ch00.tif,5.0,4.0,4.0,4.0
407Position015_chan0029centered.tif,5.0,4.0,4.0,4.0
681201117_dr5_Image148_ch00.tif,5.0,6.0,5.0,6.0
285Position009_chan00178centered.tif,5.0,5.0,5.0,5.0
279200923_dr5_ms_x40_ap6_int84_ex4_Image074_ch00.tif,5.0,5.0,5.0,5.0
854Position034_chan0012centered.tif,5.0,4.0,4.0,5.0
582Position019_chan00105centered.tif,5.0,5.0,5.0,5.0
414Position015_chan00148centered.tif,5.0,5.0,5.0,4.0
47320110_dr5_Image086_ch00.tif,5.0,5.0,5.0,5.0
425Position016_chan00149centered.tif,5.0,5.0,5.0,5.0
430Position019_chan0060centered.tif,5.0,5.0,5.0,5.0
232Position009_chan00120centered.tif,5.0,5.0,5.0,5.0
89820110_dr5_Image030_ch00.tif,5.0,5.0,4.0,5.0
195Position027_chan00136centered.tif,5.0,6.0,6.0,5.0
318Position019_chan00121centered.tif,5.0,5.0,5.0,5.0
847201117_dr5_Image067_ch00.tif,5.0,4.0,4.0,4.0
219Position013_ch00_36.tif,5.0,5.0,5.0,5.0
216Position024_chan0057centered.tif,5.0,5.0,5.0,5.0
868201117_dr5_Image222_ch00.tif,5.0,4.0,4.0,5.0
511Position022_chan0036centered.tif,5.0,5.0,5.0,5.0
403Position009_chan0073centered.tif,5.0,5.0,5.0,5.0
186200917_dr5_ms_6day_x40_ap6_int82_Image028_ch00.tif,5.0,5.0,5.0,4.0
501201117_dr5_Image053_ch00.tif,5.0,5.0,5.0,5.0
319201117_dr5_Image114_ch00.tif,5.0,4.0,5.0,4.0
17200917_dr5_ms_6day_x40_ap6_int82_Image020_ch00.tif,5.0,3.0,3.0,3.0
517Position021_chan00113centered.tif,5.0,5.0,5.0,5.0
360Position022_chan0040centered.tif,5.0,4.0,5.0,5.0
170Position024_chan00102centered.tif,5.0,5.0,5.0,5.0
226Position016_chan0064centered.tif,5.0,5.0,5.0,5.0
300Position016_chan00150centered.tif,5.0,5.0,5.0,5.0
844201117_dr5_Image037_ch00.tif,5.0,5.0,4.0,4.0
283200917_dr5_ms_6day_x40_ap6_int82_Image038_ch00.tif,5.0,5.0,5.0,5.0
643Position032_chan00105centered.tif,5.0,5.0,6.0,6.0
453Position016_chan0080centered.tif,5.0,5.0,5.0,5.0
48120110_dr5_Image018_ch00.tif,5.0,5.0,5.0,5.0
874201117_dr5_Image096_ch00.tif,5.0,5.0,5.0,4.0
281Position022_chan00139centered.tif,5.0,5.0,5.0,5.0
166Position009_chan0079centered.tif,5.0,5.0,4.0,5.0
692200923_dr5_ms_x40_ap6_int84_ex4_Image092_ch00.tif,5.0,5.0,6.0,6.0
274200917_dr5_ms_6day_x40_ap6_int82_Image022_ch00.tif,5.0,5.0,5.0,5.0
437Position024_chan0091centered.tif,5.0,5.0,5.0,5.0
503Position005_chan00175centered.tif,5.0,5.0,5.0,5.0
50Position016_chan005centered.tif,5.0,0.0,4.0,2.0
677Position005_ch00_11.tif,5.0,6.0,6.0,6.0
417Position019_chan0039centered.tif,5.0,5.0,5.0,5.0
255Position004_ch00_43.tif,5.0,5.0,5.0,5.0
902Position016_chan0035centered.tif,5.0,4.0,5.0,5.0
879200917_dr5_ms_6day_x40_ap6_int82_Image040_ch00.tif,5.0,4.0,3.0,3.0
656Position020_chan0084centered.tif,5.0,5.0,5.0,6.0
22220110_dr5_Image120_ch00.tif,5.0,5.0,5.0,5.0
668200923_dr5_ms_x40_ap6_int84_ex4_Image002_ch00.tif,5.0,5.0,5.0,6.0
486Position027_chan00110centered.tif,5.0,5.0,5.0,5.0
941Position024_chan0025centered.tif,5.0,5.0,4.0,4.0
672Position010_chan00134centered.tif,5.0,5.0,5.0,5.0
199Position032_chan0086centered.tif,5.0,5.0,6.0,5.0
526Position028_chan0057centered.tif,5.0,5.0,5.0,5.0
65520110_dr5_Image066_ch00.tif,5.0,6.0,5.0,5.0
915Position022_chan00135centered.tif,5.0,4.0,5.0,5.0
257201117_dr5_Image210_ch00.tif,5.0,5.0,5.0,4.0
665Position012_chan00103centered.tif,5.0,5.0,5.0,5.0
342Position017_chan0034centered.tif,5.0,5.0,5.0,5.0
74620110_dr5_Image114_ch00.tif,5.0,7.0,7.0,7.0
313Position021_chan0084centered.tif,5.0,5.0,5.0,5.0
400Position015_chan00110centered.tif,5.0,5.0,4.0,5.0
243Position027_chan0043centered.tif,5.0,4.0,4.0,3.0
200Position010_chan00125centered.tif,5.0,5.0,5.0,5.0
206Position009_chan00154centered.tif,5.0,5.0,5.0,5.0
278Position019_chan0051centered.tif,5.0,5.0,5.0,5.0
440Position024_chan00165centered.tif,5.0,5.0,5.0,5.0
860201117_dr5_Image138_ch00.tif,5.0,4.0,4.0,4.0
671Position032_chan00138centered.tif,5.0,5.0,6.0,5.0
16Position028_chan0020centered.tif,5.0,4.0,4.0,4.0
198Position022_chan0083centered.tif,5.0,1.0,5.0,5.0
694Position032_chan0076centered.tif,5.0,6.0,5.0,6.0
32820110_dr5_Image010_ch00.tif,5.0,4.0,5.0,5.0
284201117_dr5_Image098_ch00.tif,5.0,5.0,5.0,5.0
250Position010_ch00_56.tif,5.0,5.0,5.0,5.0
434Position019_chan0031centered.tif,5.0,5.0,5.0,5.0
317Position028_chan00144centered.tif,5.0,5.0,5.0,5.0
223Position019_chan00101centered.tif,5.0,5.0,5.0,5.0
19120110_dr5_Image108_ch00.tif,5.0,5.0,5.0,5.0
420Position021_chan00103centered.tif,5.0,5.0,5.0,5.0
409Position016_chan00132centered.tif,5.0,5.0,5.0,5.0
324Position020_chan0040centered.tif,5.0,5.0,5.0,6.0
221Position022_chan00120centered.tif,5.0,5.0,4.0,5.0
506Position012_chan0084centered.tif,5.0,5.0,5.0,5.0
689Position032_chan00121centered.tif,5.0,5.0,5.0,6.0
88520110_dr5_Image048_ch00.tif,5.0,5.0,5.0,5.0
201Position028_chan00116centered.tif,5.0,5.0,5.0,5.0
290200917_dr5_ms_6day_x40_ap6_int82_Image054_ch00.tif,5.0,5.0,5.0,5.0
338200917_dr5_ms_6day_x40_ap6_int82_Image044_ch00.tif,5.0,5.0,5.0,5.0
162201117_dr5_Image031_ch00.tif,5.0,5.0,5.0,5.0
427Position015_chan00164centered.tif,5.0,5.0,5.0,5.0
171Position009_chan0086centered.tif,5.0,4.0,5.0,5.0
37520110_dr5_Image098_ch00.tif,5.0,5.0,5.0,5.0
310Position028_chan00125centered.tif,5.0,5.0,5.0,5.0
892Position009_chan00155centered.tif,5.0,5.0,5.0,4.0
264Position019_chan0074centered.tif,5.0,5.0,5.0,5.0
431Position028_chan00164centered.tif,5.0,5.0,5.0,5.0
395Position009_chan00161centered.tif,5.0,5.0,5.0,5.0
906Position020_chan0036centered.tif,5.0,5.0,5.0,5.0
630Position020_chan0044centered.tif,5.0,5.0,5.0,5.0
203201117_dr5_Image198_ch00.tif,5.0,5.0,5.0,5.0
680Position032_chan0084centered.tif,5.0,5.0,5.0,5.0
465Position009_chan00182centered.tif,5.0,5.0,5.0,4.0
14Position009_chan0021centered.tif,5.0,4.0,4.0,4.0
635Position027_chan00131centered.tif,5.0,5.0,5.0,5.0
841Position006_ch00_5.tif,5.0,4.0,5.0,4.0
493Position009_chan0049centered.tif,5.0,5.0,5.0,5.0
450Position028_chan00100centered.tif,5.0,5.0,5.0,5.0
490201117_dr5_Image015_ch00.tif,5.0,5.0,5.0,5.0
452Position028_chan0074centered.tif,5.0,5.0,5.0,5.0
393Position024_chan00155centered.tif,5.0,5.0,5.0,5.0
857Position028_chan00141centered.tif,5.0,5.0,5.0,4.0
211200923_dr5_ms_x40_ap6_int84_ex4_Image068_ch00.tif,5.0,5.0,5.0,5.0
498Position022_chan0079centered.tif,5.0,5.0,5.0,5.0
235Position024_chan00118centered.tif,5.0,5.0,5.0,5.0
491Position009_chan0033centered.tif,5.0,5.0,5.0,5.0
179Position019_chan00116centered.tif,5.0,5.0,5.0,5.0
443Position007_ch00_34.tif,5.0,5.0,5.0,5.0
359200923_dr5_ms_x40_ap6_int84_ex4_Image064_ch00.tif,5.0,5.0,5.0,6.0
350Position019_chan00165centered.tif,5.0,5.0,5.0,5.0
550Image012_ch00_17.tif,0.0,0.0,1.0,5.0
578Mark_and_Find_002_Position059_ch00.tif,0.0,0.0,0.0,2.0
566Position028_chan005centered.tif,0.0,1.0,1.0,1.0
551Mark_and_Find_002_Position016_ch00.tif,0.0,0.0,1.0,0.0
271200923_dr5_ms_x40_ap6_int84_ex4_Image010_ch00.tif,0.0,4.0,4.0,1.0
97Position006_ch00_35.tif,0.0,4.0,3.0,3.0
58920110_dr5_Image078_ch00.tif,0.0,0.0,1.0,0.0
575Mark_and_Find_002_Position055_ch00.tif,0.0,0.0,0.0,2.0
548Mark_and_Find_002_Position054_ch00.tif,0.0,2.0,1.0,1.0
151Position032_chan0011centered.tif,0.0,1.0,0.0,1.0
559Mark_and_Find_002_Position060_ch00.tif,0.0,0.0,0.0,0.0
46Position017_chan005centered.tif,0.0,5.0,3.0,1.0
833Position017_chan0023centered.tif,0.0,5.0,4.0,3.0
791Position001_chan0053centered.tif,0.0,5.0,5.0,7.0
574Mark_and_Find_002_Position038_ch00.tif,0.0,0.0,2.0,1.0
120Position010_chan0014centered.tif,0.0,1.0,1.0,2.0
124Mark_and_Find_002_Position037_ch00.tif,2.0,2.0,2.0,2.0
135Position032_chan0022centered.tif,2.0,2.0,1.0,1.0
909201117_dr5_Image230_ch00.tif,2.0,3.0,3.0,3.0
608Mark_and_Find_002_Position052_ch00.tif,2.0,5.0,2.0,1.0
598Position005_chan002centered.tif,2.0,0.0,1.0,1.0
123200917_dr5_ms_6day_x40_ap6_int82_Image042_ch00.tif,2.0,2.0,2.0,2.0
588Position022_chan001centered.tif,2.0,2.0,1.0,3.0
622Position013_ch00_46.tif,2.0,2.0,2.0,2.0
615Position009_chan004centered.tif,2.0,2.0,3.0,2.0
127Position001_ch00_27.tif,2.0,2.0,3.0,2.0
546Mark_and_Find_002_Position006_ch00.tif,2.0,3.0,2.0,1.0
48201117_dr5_Image194_ch00.tif,2.0,3.0,2.0,3.0
139200917_dr5_ms_6day_x40_ap6_int82_Image012_ch00.tif,2.0,2.0,2.0,2.0
612200917_dr5_ms_6day_x40_ap6_int82_Image048_ch00.tif,2.0,3.0,2.0,2.0
4201117_dr5_Image182_ch00.tif,2.0,3.0,3.0,2.0
308Position027_chan0064centered.tif,2.0,5.0,5.0,5.0
888Mark_and_Find_002_Position020_ch00.tif,2.0,2.0,2.0,3.0
35Mark_and_Find_002_Position049_ch00.tif,2.0,2.0,3.0,5.0
115Mark_and_Find_002_Position005_ch00.tif,2.0,2.0,2.0,1.0
74200923_dr5_ms_x40_ap6_int84_ex4_Image102_ch00.tif,2.0,3.0,3.0,2.0
568Position006_ch00_51.tif,2.0,2.0,0.0,2.0
616Position005_ch00_37.tif,2.0,3.0,3.0,3.0
27Position015_ch00_35.tif,2.0,4.0,2.0,3.0
583Mark_and_Find_002_Position046_ch00.tif,2.0,0.0,0.0,1.0
143Mark_and_Find_002_Position014_ch00.tif,2.0,0.0,0.0,0.0
41200917_dr5_ms_6day_x40_ap6_int82_Image078_ch00.tif,2.0,3.0,4.0,2.0
603Position003_ch00_62.tif,2.0,3.0,2.0,3.0
145Position009_ch00_49.tif,2.0,2.0,3.0,0.0
14920110_dr5_Image092_ch00.tif,2.0,1.0,1.0,2.0
69Image023_ch00_56.tif,2.0,2.0,2.0,2.0
602Mark_and_Find_002_Position047_ch00.tif,2.0,2.0,3.0,1.0
590Position007_ch00_51.tif,2.0,2.0,0.0,3.0
571Mark_and_Find_002_Position008_ch00.tif,2.0,1.0,1.0,1.0
552Mark_and_Find_002_Position035_ch00.tif,2.0,3.0,0.0,2.0
560Position027_chan000centered.tif,2.0,0.0,1.0,1.0
98201117_dr5_Image184_ch00.tif,2.0,2.0,3.0,2.0
11820110_dr5_Image080_ch00.tif,2.0,1.0,1.0,1.0
111201117_dr5_Image051_ch00.tif,2.0,2.0,2.0,2.0
130Position001_chan000centered.tif,2.0,1.0,1.0,1.0
112200923_dr5_ms_x40_ap6_int84_ex4_Image036_ch00.tif,2.0,2.0,2.0,1.0
554Mark_and_Find_002_Position001_ch00.tif,2.0,1.0,0.0,1.0
666Position021_chan00166centered.tif,6.0,6.0,6.0,6.0
796Image002_ch00_38.tif,6.0,6.0,7.0,6.0
631Position020_chan0051centered.tif,6.0,5.0,5.0,5.0
739Position023_ch00_39.tif,6.0,7.0,5.0,6.0
727Position034_chan0053centered.tif,6.0,7.0,7.0,7.0
669Position032_chan00100centered.tif,6.0,5.0,6.0,6.0
202200917_dr5_ms_6day_x40_ap6_int82_Image004_ch00.tif,6.0,5.0,5.0,5.0
710201117_dr5_Image021_ch00.tif,6.0,5.0,6.0,6.0
386201117_dr5_Image154_ch00.tif,6.0,5.0,5.0,6.0
315Position024_chan00138centered.tif,6.0,5.0,5.0,5.0
644Position032_chan0094centered.tif,6.0,5.0,5.0,6.0
641Position032_chan00104centered.tif,6.0,5.0,5.0,6.0
236Position008_ch00_8.tif,6.0,5.0,5.0,5.0
495Position032_chan0056centered.tif,6.0,5.0,5.0,5.0
685200923_dr5_ms_x40_ap6_int84_ex4_Image094_ch00.tif,6.0,6.0,6.0,6.0
642Position032_chan00141centered.tif,6.0,5.0,5.0,6.0
64520110_dr5_Image006_ch00.tif,6.0,5.0,6.0,6.0
652Position002_ch00_27.tif,6.0,6.0,5.0,6.0
63720110_dr5_Image020_ch00.tif,6.0,6.0,6.0,6.0
78520110_dr5_Image042_ch00.tif,6.0,6.0,6.0,6.0
638Position017_chan0071centered.tif,6.0,5.0,6.0,6.0
379Position032_chan0088centered.tif,6.0,5.0,6.0,5.0
788Position015_ch00_26.tif,6.0,6.0,7.0,7.0
762200923_dr5_ms_x40_ap6_int84_ex4_Image022_ch00.tif,6.0,6.0,6.0,6.0
683Position021_chan00150centered.tif,6.0,6.0,6.0,6.0
254Position010_chan0067centered.tif,6.0,6.0,5.0,5.0
667Position006_ch00_45.tif,6.0,6.0,7.0,6.0
263Position020_chan0085centered.tif,6.0,5.0,6.0,6.0
749201117_dr5_Image130_ch00.tif,6.0,6.0,6.0,6.0
244Position010_chan0046centered.tif,6.0,5.0,5.0,5.0
660Position020_chan00134centered.tif,6.0,6.0,5.0,6.0
269Position032_chan00165centered.tif,6.0,6.0,6.0,5.0
653Position017_chan0074centered.tif,6.0,5.0,6.0,6.0
676Position032_chan00164centered.tif,6.0,6.0,6.0,6.0
648200917_dr5_ms_6day_x40_ap6_int82_Image074_ch00.tif,6.0,5.0,6.0,6.0
650201117_dr5_Image120_ch00.tif,6.0,6.0,6.0,6.0
43220110_dr5_Image060_ch00.tif,6.0,6.0,5.0,5.0
639Position021_chan00161centered.tif,6.0,6.0,6.0,6.0
679201117_dr5_Image122_ch00.tif,6.0,6.0,5.0,6.0
763200923_dr5_ms_x40_ap6_int84_ex4_Image076_ch00.tif,6.0,7.0,7.0,6.0
68420110_dr5_Image088_ch00.tif,6.0,6.0,6.0,6.0
674Position032_chan0095centered.tif,6.0,6.0,5.0,6.0
741Position008_ch00_22.tif,6.0,6.0,6.0,7.0
673201117_dr5_Image118_ch00.tif,6.0,5.0,6.0,6.0
663201117_dr5_Image092_ch00.tif,6.0,6.0,6.0,6.0
636201117_dr5_Image106_ch00.tif,6.0,6.0,6.0,5.0
675201117_dr5_Image110_ch00.tif,6.0,6.0,6.0,6.0
688Position002_ch00_61.tif,6.0,6.0,6.0,6.0
429Position032_chan00115centered.tif,6.0,5.0,5.0,6.0
131Position021_chan004centered.tif,6.0,4.0,4.0,4.0
224Position032_chan0080centered.tif,6.0,5.0,5.0,5.0
780200923_dr5_ms_x40_ap6_int84_ex4_Image024_ch00.tif,6.0,7.0,7.0,7.0
146Position012_ch00_63.tif,6.0,2.0,1.0,2.0
299Position012_chan0037centered.tif,6.0,5.0,5.0,5.0
102Position018_ch00_24.tif,6.0,3.0,3.0,3.0
54201117_dr5_Image228_ch00.tif,6.0,3.0,3.0,3.0
594Position010_ch00_42.tif,6.0,2.0,3.0,2.0
623Position019_chan005centered.tif,6.0,3.0,3.0,1.0
24Mark_and_Find_002_Position011_ch00.tif,6.0,3.0,4.0,2.0
820201117_dr5_Image033_ch00.tif,6.0,7.0,7.0,7.0
834Position013_ch00_17.tif,6.0,5.0,4.0,4.0
850200917_dr5_ms_6day_x40_ap6_int82_Image092_ch00.tif,6.0,3.0,4.0,4.0
238Position016_chan0043centered.tif,6.0,5.0,5.0,5.0
75720110_dr5_Image058_ch00.tif,6.0,7.0,7.0,7.0
829Position022_chan0026centered.tif,6.0,3.0,4.0,4.0
367Position020_chan00121centered.tif,6.0,5.0,6.0,5.0
581Position009_chan006centered.tif,6.0,2.0,4.0,2.0
604Position020_ch00_37.tif,6.0,2.0,2.0,2.0
237Position021_chan0096centered.tif,6.0,5.0,5.0,5.0
7620110_dr5_Image076_ch00.tif,6.0,3.0,3.0,2.0
405Position015_chan00166centered.tif,6.0,5.0,5.0,5.0
316Position014_ch00_66.tif,6.0,5.0,5.0,5.0
404201117_dr5_Image192_ch00.tif,6.0,5.0,5.0,5.0
58200923_dr5_ms_x40_ap6_int84_ex4_Image006_ch00.tif,6.0,4.0,3.0,3.0
336Position001_ch00_36.tif,6.0,4.0,5.0,5.0
68720110_dr5_Image022_ch00.tif,6.0,6.0,5.0,6.0
183Position022_chan0092centered.tif,6.0,5.0,3.0,4.0
920Position012_ch00_48.tif,6.0,4.0,4.0,4.0
585Image031_ch00_14.tif,6.0,0.0,2.0,1.0
29420110_dr5_Image118_ch00.tif,6.0,5.0,5.0,5.0
646Position020_chan0056centered.tif,6.0,6.0,6.0,5.0
706201117_dr5_Image035_ch00.tif,6.0,7.0,6.0,6.0
690201117_dr5_Image007_ch00.tif,6.0,6.0,6.0,6.0
837Position019_ch00_30.tif,6.0,4.0,4.0,5.0
654201117_dr5_Image160_ch00.tif,6.0,6.0,6.0,6.0
732201117_dr5_Image059_ch00.tif,7.0,7.0,7.0,7.0
69920110_dr5_Image084_ch00.tif,7.0,7.0,7.0,7.0
703Position034_chan0061centered.tif,7.0,7.0,7.0,7.0
781Position034_chan0083centered.tif,7.0,7.0,7.0,7.0
765Position034_chan0093centered.tif,7.0,7.0,7.0,7.0
747Position010_chan00149centered.tif,7.0,7.0,7.0,7.0
719Position001_chan0070centered.tif,7.0,7.0,7.0,7.0
801201117_dr5_Image100_ch00.tif,7.0,7.0,7.0,7.0
738Position001_chan00114centered.tif,7.0,7.0,7.0,7.0
819201117_dr5_Image063_ch00.tif,7.0,7.0,7.0,7.0
71820110_dr5_Image008_ch00.tif,7.0,7.0,7.0,5.0
697Position034_chan0058centered.tif,7.0,7.0,7.0,7.0
722Position034_chan00140centered.tif,7.0,7.0,7.0,7.0
77620110_dr5_Image082_ch00.tif,7.0,7.0,7.0,7.0
773201117_dr5_Image029_ch00.tif,7.0,7.0,7.0,7.0
707Position009_ch00_7.tif,7.0,7.0,7.0,7.0
73320110_dr5_Image074_ch00.tif,7.0,7.0,7.0,7.0
767201117_dr5_Image116_ch00.tif,7.0,7.0,7.0,7.0
802Position001_chan00171centered.tif,7.0,7.0,7.0,7.0
766Position034_chan0042centered.tif,7.0,7.0,7.0,7.0
752Position034_chan0063centered.tif,7.0,7.0,7.0,7.0
823201117_dr5_Image126_ch00.tif,7.0,7.0,7.0,7.0
775Position017_chan00117centered.tif,7.0,7.0,7.0,7.0
793Position034_chan0090centered.tif,7.0,7.0,7.0,7.0
782200923_dr5_ms_x40_ap6_int84_ex4_Image042_ch00.tif,7.0,5.0,7.0,7.0
812Position034_chan0097centered.tif,7.0,7.0,7.0,7.0
728Position034_chan0034centered.tif,7.0,7.0,7.0,7.0
723Position034_chan00123centered.tif,7.0,7.0,7.0,7.0
779201117_dr5_Image152_ch00.tif,7.0,7.0,7.0,7.0
71520110_dr5_Image026_ch00.tif,7.0,7.0,7.0,7.0
75620110_dr5_Image056_ch00.tif,7.0,6.0,7.0,7.0
73120110_dr5_Image016_ch00.tif,7.0,7.0,7.0,7.0
76820110_dr5_Image116_ch00.tif,7.0,7.0,7.0,7.0
75520110_dr5_Image012_ch00.tif,7.0,7.0,7.0,7.0
799Position010_chan00169centered.tif,7.0,7.0,7.0,7.0
761Position001_chan00120centered.tif,7.0,7.0,7.0,7.0
783201117_dr5_Image142_ch00.tif,7.0,7.0,7.0,7.0
745200923_dr5_ms_x40_ap6_int84_ex4_Image044_ch00.tif,7.0,7.0,7.0,7.0
721Position001_chan00151centered.tif,7.0,7.0,7.0,7.0
814Position034_chan00127centered.tif,7.0,7.0,7.0,7.0
79820110_dr5_Image024_ch00.tif,7.0,7.0,7.0,7.0
754201117_dr5_Image077_ch00.tif,7.0,7.0,7.0,7.0
822201117_dr5_Image009_ch00.tif,7.0,7.0,7.0,7.0
778201117_dr5_Image065_ch00.tif,7.0,7.0,7.0,7.0
69620110_dr5_Image036_ch00.tif,7.0,7.0,7.0,7.0
806Position017_chan00101centered.tif,7.0,7.0,7.0,7.0
81120110_dr5_Image094_ch00.tif,7.0,7.0,7.0,7.0
804201117_dr5_Image102_ch00.tif,7.0,7.0,7.0,7.0
815Position034_chan0039centered.tif,7.0,7.0,7.0,7.0
800Position017_chan00106centered.tif,7.0,7.0,7.0,7.0
744Position034_chan00122centered.tif,7.0,7.0,7.0,7.0
711Position001_chan0054centered.tif,7.0,7.0,7.0,7.0
270Image027_ch00_18.tif,7.0,5.0,4.0,4.0
700200917_dr5_ms_6day_x40_ap6_int82_Image058_ch00.tif,7.0,7.0,7.0,7.0
748Position017_chan00114centered.tif,7.0,7.0,7.0,7.0
74320110_dr5_Image054_ch00.tif,7.0,7.0,7.0,7.0
717Position001_chan0061centered.tif,7.0,7.0,7.0,7.0
81820110_dr5_Image004_ch00.tif,7.0,7.0,7.0,7.0
736Position017_chan00107centered.tif,7.0,7.0,7.0,7.0
808Position017_chan00116centered.tif,7.0,7.0,7.0,7.0
807201117_dr5_Image069_ch00.tif,7.0,6.0,7.0,7.0
714Position010_chan00168centered.tif,7.0,7.0,7.0,7.0
356Position012_chan0061centered.tif,7.0,5.0,5.0,5.0
704Position001_chan0056centered.tif,7.0,5.0,6.0,7.0
69820110_dr5_Image124_ch00.tif,7.0,7.0,7.0,7.0
821Position001_chan00124centered.tif,7.0,7.0,7.0,7.0
750Position034_chan00153centered.tif,7.0,7.0,7.0,7.0
824Position034_chan0082centered.tif,7.0,7.0,7.0,7.0
789Position034_chan00158centered.tif,7.0,7.0,7.0,7.0
825200917_dr5_ms_6day_x40_ap6_int82_Image062_ch00.tif,7.0,7.0,7.0,7.0
713Position034_chan00119centered.tif,7.0,7.0,7.0,7.0
724Image014_ch00_0.tif,7.0,7.0,7.0,7.0
712Position001_chan0067centered.tif,7.0,7.0,7.0,7.0
751Position001_chan00121centered.tif,7.0,7.0,7.0,7.0
720201117_dr5_Image156_ch00.tif,7.0,7.0,7.0,7.0
774Position010_chan00171centered.tif,7.0,7.0,7.0,7.0
725Position001_chan00129centered.tif,7.0,7.0,7.0,7.0
705Position001_chan00130centered.tif,7.0,7.0,7.0,7.0
737201117_dr5_Image073_ch00.tif,7.0,7.0,7.0,7.0
81320110_dr5_Image046_ch00.tif,7.0,7.0,7.0,7.0
803Position034_chan00129centered.tif,7.0,7.0,7.0,7.0
794201117_dr5_Image088_ch00.tif,7.0,7.0,7.0,7.0
764Position001_chan0060centered.tif,7.0,7.0,7.0,7.0
805Position034_chan00154centered.tif,7.0,7.0,7.0,7.0
79220110_dr5_Image014_ch00.tif,7.0,7.0,7.0,7.0
772Position021_ch00_56.tif,7.0,7.0,7.0,7.0
709Position001_chan00174centered.tif,7.0,7.0,7.0,7.0
740Position001_chan00178centered.tif,7.0,7.0,7.0,7.0
769Position001_chan0090centered.tif,7.0,7.0,7.0,7.0
708Position034_chan0056centered.tif,7.0,7.0,7.0,7.0
76020110_dr5_Image102_ch00.tif,7.0,7.0,7.0,7.0
702Position010_chan00172centered.tif,7.0,7.0,7.0,7.0
735Position001_chan0069centered.tif,7.0,7.0,7.0,7.0
786201117_dr5_Image005_ch00.tif,7.0,7.0,7.0,7.0
77020110_dr5_Image040_ch00.tif,7.0,6.0,6.0,6.0
816Position034_chan00114centered.tif,7.0,7.0,7.0,7.0
77720110_dr5_Image100_ch00.tif,7.0,7.0,7.0,7.0
810Position001_chan00147centered.tif,7.0,7.0,7.0,7.0
817201117_dr5_Image090_ch00.tif,7.0,7.0,7.0,7.0
73420110_dr5_Image044_ch00.tif,7.0,7.0,7.0,7.0
784200923_dr5_ms_x40_ap6_int84_ex4_Image060_ch00.tif,7.0,7.0,7.0,7.0
80920110_dr5_Image050_ch00.tif,7.0,7.0,7.0,7.0
729Position001_chan00153centered.tif,7.0,7.0,7.0,7.0
795Position017_chan0093centered.tif,7.0,6.0,7.0,7.0
759201117_dr5_Image013_ch00.tif,7.0,7.0,7.0,7.0
742Position034_chan0029centered.tif,7.0,6.0,6.0,6.0
730Position010_chan00150centered.tif,7.0,7.0,7.0,7.0
77120110_dr5_Image032_ch00.tif,7.0,7.0,7.0,7.0
726Position001_chan00158centered.tif,7.0,7.0,7.0,7.0
787201117_dr5_Image108_ch00.tif,7.0,7.0,7.0,7.0
75320110_dr5_Image128_ch00.tif,7.0,7.0,7.0,7.0
716201117_dr5_Image017_ch00.tif,7.0,7.0,7.0,7.0
758Position034_chan00106centered.tif,7.0,7.0,7.0,7.0
790Position034_chan0045centered.tif,7.0,7.0,7.0,7.0
701Position001_chan00179centered.tif,7.0,7.0,7.0,7.0
925Mark_and_Find_002_Position058_ch00.tif,4.0,4.0,4.0,4.0
597Mark_and_Find_002_Position026_ch00.tif,4.0,3.0,4.0,2.0
910200917_dr5_ms_6day_x40_ap6_int82_Image090_ch00.tif,4.0,5.0,4.0,4.0
899Position016_chan0027centered.tif,4.0,4.0,4.0,4.0
64201117_dr5_Image237_ch00.tif,4.0,3.0,4.0,3.0
869201117_dr5_Image196_ch00.tif,4.0,4.0,3.0,3.0
864201117_dr5_Image134_ch00.tif,4.0,4.0,4.0,4.0
80Position005_chan0070centered.tif,4.0,4.0,4.0,4.0
459Position022_chan0085centered.tif,4.0,5.0,5.0,5.0
68Position024_chan0016centered.tif,4.0,4.0,3.0,3.0
2200923_dr5_ms_x40_ap6_int84_ex4_Image078_ch00.tif,4.0,4.0,4.0,3.0
942201117_dr5_Image239_ch00.tif,4.0,5.0,4.0,4.0
875Position007_ch00_55.tif,4.0,3.0,4.0,4.0
967Position011_ch00_31.tif,4.0,4.0,4.0,3.0
90Position021_chan0010centered.tif,4.0,4.0,4.0,5.0
71Position005_chan0019centered.tif,4.0,4.0,3.0,4.0
897Position012_chan009centered.tif,4.0,4.0,4.0,4.0
8Position018_ch00_34.tif,4.0,4.0,4.0,4.0
835Position027_chan0023centered.tif,4.0,2.0,4.0,2.0
859Position009_chan0012centered.tif,4.0,4.0,3.0,3.0
956Position015_chan0070centered.tif,4.0,5.0,5.0,4.0
398Position015_chan00161centered.tif,4.0,5.0,4.0,4.0
0200923_dr5_ms_x40_ap6_int84_ex4_Image072_ch00.tif,4.0,4.0,4.0,5.0
974Position032_chan0029centered.tif,4.0,4.0,3.0,4.0
57Position008_ch00_65.tif,4.0,3.0,4.0,3.0
334Position006_ch00_59.tif,4.0,5.0,4.0,5.0
940201117_dr5_Image166_ch00.tif,4.0,2.0,4.0,3.0
884Position014_ch00_24.tif,4.0,4.0,4.0,2.0
84200917_dr5_ms_6day_x40_ap6_int82_Image034_ch00.tif,4.0,3.0,2.0,4.0
957201117_dr5_Image204_ch00.tif,4.0,5.0,4.0,5.0
966201117_dr5_Image136_ch00.tif,4.0,5.0,4.0,4.0
413Position015_chan0020centered.tif,4.0,4.0,5.0,4.0
881Position005_chan00113centered.tif,4.0,4.0,4.0,4.0
840200917_dr5_ms_6day_x40_ap6_int82_Image036_ch00.tif,4.0,5.0,4.0,5.0
60200923_dr5_ms_x40_ap6_int84_ex4_Image096_ch00.tif,4.0,3.0,4.0,4.0
52Mark_and_Find_002_Position015_ch00.tif,4.0,3.0,4.0,4.0
931Position005_chan0076centered.tif,4.0,4.0,4.0,4.0
258Position019_chan00159centered.tif,4.0,5.0,5.0,5.0
106Position024_chan0014centered.tif,4.0,4.0,4.0,2.0
933Position005_chan00110centered.tif,4.0,4.0,4.0,4.0
563Position005_chan009centered.tif,4.0,1.0,4.0,0.0
900Position009_chan0017centered.tif,4.0,4.0,4.0,4.0
950Position016_ch00_14.tif,4.0,3.0,4.0,4.0
190Position015_chan0076centered.tif,4.0,5.0,5.0,5.0
13Position028_chan0013centered.tif,4.0,3.0,4.0,3.0
104Position011_ch00_43.tif,4.0,3.0,3.0,3.0
40Position012_ch00_29.tif,4.0,2.0,3.0,2.0
529Position015_ch00_57.tif,4.0,5.0,4.0,5.0
558Position017_chan0018centered.tif,4.0,1.0,2.0,3.0
852Position019_ch00_20.tif,4.0,4.0,5.0,3.0
97020110_dr5_Image106_ch00.tif,4.0,3.0,3.0,4.0
103Position015_chan000centered.tif,4.0,2.0,3.0,3.0
89Position021_chan0018centered.tif,4.0,5.0,4.0,5.0
936Position008_ch00_52.tif,4.0,4.0,4.0,4.0
100Position011_ch00_1.tif,4.0,3.0,4.0,3.0
268Position005_chan00146centered.tif,4.0,4.0,4.0,4.0
848Position005_chan0061centered.tif,4.0,4.0,4.0,4.0
830201117_dr5_Image027_ch00.tif,4.0,4.0,4.0,4.0
870201117_dr5_Image206_ch00.tif,4.0,4.0,3.0,3.0
61200923_dr5_ms_x40_ap6_int84_ex4_Image020_ch00.tif,4.0,5.0,4.0,4.0
87200917_dr5_ms_6day_x40_ap6_int82_Image076_ch00.tif,4.0,3.0,3.0,4.0
971Position005_chan0084centered.tif,4.0,4.0,5.0,4.0
836Mark_and_Find_002_Position027_ch00.tif,4.0,4.0,4.0,4.0
969201117_dr5_Image218_ch00.tif,4.0,3.0,4.0,4.0
953201117_dr5_Image247_ch00.tif,4.0,4.0,4.0,4.0
862Position005_chan0090centered.tif,4.0,4.0,4.0,4.0
963Position005_chan00133centered.tif,4.0,4.0,5.0,4.0
918201117_dr5_Image226_ch00.tif,4.0,4.0,4.0,4.0
872201117_dr5_Image071_ch00.tif,4.0,5.0,4.0,4.0
912Position007_ch00_9.tif,4.0,4.0,4.0,4.0
960Position021_chan0015centered.tif,4.0,5.0,3.0,4.0
948200917_dr5_ms_6day_x40_ap6_int82_Image056_ch00.tif,4.0,4.0,5.0,4.0
945200923_dr5_ms_x40_ap6_int84_ex4_Image070_ch00.tif,4.0,4.0,4.0,4.0
456Position011_ch00_21.tif,4.0,5.0,4.0,4.0
22Position010_ch00_19.tif,4.0,3.0,4.0,4.0
871Position008_ch00_50.tif,4.0,4.0,4.0,4.0
9Position015_chan006centered.tif,4.0,5.0,4.0,3.0
10520110_dr5_Image104_ch00.tif,4.0,5.0,4.0,3.0
37201117_dr5_Image104_ch00.tif,4.0,2.0,3.0,2.0
42200923_dr5_ms_x40_ap6_int84_ex4_Image066_ch00.tif,4.0,4.0,3.0,4.0
28Position006_ch00_3.tif,4.0,4.0,3.0,4.0
858Mark_and_Find_002_Position036_ch00.tif,4.0,4.0,4.0,4.0
877Position024_chan0026centered.tif,4.0,4.0,5.0,4.0
5Position001_ch00_10.tif,4.0,1.0,3.0,3.0
843Position005_chan0095centered.tif,4.0,4.0,4.0,4.0
952Image010_ch00_59.tif,4.0,3.0,4.0,4.0
86200923_dr5_ms_x40_ap6_int84_ex4_Image050_ch00.tif,4.0,5.0,4.0,4.0
5520110_dr5_Image028_ch00.tif,4.0,4.0,4.0,4.0
797Position005_chan00128centered.tif,4.0,4.0,4.0,4.0
23Position002_ch00_4.tif,4.0,3.0,3.0,3.0
894Position027_chan0019centered.tif,4.0,4.0,3.0,4.0
32Position020_chan0016centered.tif,4.0,5.0,5.0,4.0
903Position022_ch00_38.tif,4.0,3.0,3.0,4.0
479Position015_chan0043centered.tif,4.0,5.0,5.0,5.0
21Position020_chan0028centered.tif,4.0,4.0,5.0,5.0
863Position002_ch00_52.tif,4.0,5.0,4.0,4.0
93720110_dr5_Image096_ch00.tif,4.0,4.0,4.0,4.0
887201117_dr5_Image208_ch00.tif,4.0,4.0,4.0,4.0
923Position005_chan00123centered.tif,4.0,4.0,5.0,4.0
217Position034_chan003centered.tif,4.0,4.0,4.0,4.0
861Position017_ch00_43.tif,4.0,4.0,4.0,3.0
95Mark_and_Find_002_Position017_ch00.tif,4.0,3.0,4.0,3.0
57220110_dr5_Image072_ch00.tif,4.0,3.0,4.0,4.0
934Mark_and_Find_002_Position042_ch00.tif,4.0,0.0,2.0,4.0
958Position005_ch00_55.tif,4.0,4.0,4.0,3.0
591Position004_ch00_44.tif,4.0,2.0,2.0,4.0
96420110_dr5_Image110_ch00.tif,4.0,4.0,4.0,4.0
10Position003_ch00_39.tif,4.0,3.0,4.0,4.0
96200917_dr5_ms_6day_x40_ap6_int82_Image016_ch00.tif,4.0,4.0,4.0,3.0
509200923_dr5_ms_x40_ap6_int84_ex4_Image030_ch00.tif,4.0,5.0,2.0,4.0
372Position024_chan0024centered.tif,4.0,5.0,5.0,5.0
826201117_dr5_Image224_ch00.tif,4.0,4.0,4.0,4.0
587Position027_chan0021centered.tif,4.0,4.0,4.0,4.0
